{
  "audit_a_seeds": {
    "42": {
      "trades": 55,
      "sharpe": 2.5029469386928374,
      "final_eq": 10822.799669833206,
      "mdd_pct": 3.8300173870237506,
      "cost_r": 0.9752171044407075,
      "mc_p5": 10254.219191586453,
      "mc_p50": 10902.317285450634,
      "mc_p95": 11464.586071403146
    },
    "1337": {
      "trades": 55,
      "sharpe": 2.5029469386928374,
      "final_eq": 10822.799669833206,
      "mdd_pct": 3.8300173870237506,
      "cost_r": 0.9752171044407075,
      "mc_p5": 10280.65666042751,
      "mc_p50": 10903.050884619168,
      "mc_p95": 11460.329757673997
    },
    "2024": {
      "trades": 55,
      "sharpe": 2.5029469386928374,
      "final_eq": 10822.799669833206,
      "mdd_pct": 3.8300173870237506,
      "cost_r": 0.9752171044407075,
      "mc_p5": 10261.196729865456,
      "mc_p50": 10916.533572308887,
      "mc_p95": 11459.935482683515
    }
  },
  "audit_a_sharpe_stability": {
    "min": 2.5029469386928374,
    "max": 2.5029469386928374,
    "delta": 0.0
  },
  "audit_b_with_filter": {
    "trades": 55,
    "sharpe": 2.5029469386928374,
    "final_eq": 10822.799669833206,
    "mdd_pct": 3.8300173870237506,
    "cost_r": 0.9752171044407075,
    "mc_p5": 10254.219191586453,
    "mc_p50": 10902.317285450634,
    "mc_p95": 11464.586071403146
  },
  "audit_b_no_filter": {
    "trades": 67,
    "sharpe": 1.6160288045941098,
    "final_eq": 10581.991021644402,
    "mdd_pct": 3.647536812759892,
    "cost_r": 0.9691337639872764,
    "mc_p5": 9967.706266306568,
    "mc_p50": 10698.814389577412,
    "mc_p95": 11322.010230246053
  },
  "audit_b_filter_contribution": {
    "delta_sharpe": 0.8869181340987276,
    "delta_fe": 240.808648188804
  },
  "audit_c_sol_2025h1": {
    "trades": 46,
    "sharpe": -0.14515047511308815,
    "final_eq": 9930.120108078925,
    "mdd_pct": 5.165467797187976,
    "cost_r": 0.9755050531347998,
    "mc_p5": 9161.711117861987,
    "mc_p50": 10012.846121413699,
    "mc_p95": 10720.397133365874
  },
  "audit_c_verdict": "FAIL(Sharpe<1.0,fe<=10000,MCp5<=9500)"
}