{
  "metrics_a_stack13": {
    "sharpe": 0.5699,
    "calmar": 0.6383,
    "mdd_pct": 4.4592,
    "pnl_pct": 1.1134,
    "n_bars": 3456
  },
  "metrics_b_stack14_with_p52": {
    "sharpe": 0.9063,
    "calmar": 1.1942,
    "mdd_pct": 3.5548,
    "pnl_pct": 1.6537,
    "n_bars": 3456
  },
  "metrics_c_p52_standalone": {
    "sharpe": 3.0236,
    "calmar": 10.3557,
    "mdd_pct": 2.2909,
    "pnl_pct": 8.7613,
    "n_bars": 3456
  },
  "deltas_b_minus_a": {
    "sharpe": 0.3364,
    "calmar": 0.5559,
    "mdd_pct": -0.9044,
    "pnl_pct": 0.5403
  },
  "correlations_p52": {
    "S02": 0.11124351142760186,
    "S08": -0.09882268280174279,
    "S06": -0.28143899816062035,
    "S03": 0.055563567585691094,
    "S07": -0.09903394531034591,
    "S04": 0.18594370448284864,
    "S01": 0.11124351142760186,
    "S05": -0.09882268280174279,
    "S10": -0.6022401059893572,
    "S09": 0.08787232749364567,
    "S11": -0.2661292615679892,
    "S13": -0.38014462900452584,
    "S12": -0.03467240223696767
  },
  "n_common_bars": 3456,
  "verdict": "PF024 PASS \u2014 P52 add-one melhora portfolio",
  "decision": "EXPAND para N\u00edvel 6 (Candidate for ADR)"
}